AAME - Atlantic American Corporation|AAON - AAON, Inc|AAPL - Apple Inc|ABEO - Abeona Therapeutics Inc|ABIO - ARCA biopharma, Inc|ABVC - ABVC Biopharma, Inc|ACAD - ACADIA Pharmaceuticals Inc|ACGL - Arch Capital Group Ltd|ACHC - Acadia Healthcare Company, Inc|ACHV - Achieve Life Sciences, Inc|ACIW - ACI Worldwide, Inc|ACLS - Axcelis Technologies, Inc|ACNB - ACNB Corporation|ACNT - Ascent Industries Co|ACTG - Acacia Research Corporation|ADBE - Adobe Inc|ADEA - Adeia Inc|ADI - Analog Devices, Inc|ADP - Automatic Data Processing, Inc|ADSK - Autodesk, Inc|ADTN - ADTRAN Holdings, Inc|AEHR - Aehr Test Systems|AEIS - Advanced Energy Industries, Inc|AEMD - Aethlon Medical, Inc|AEP - American Electric Power Company|AGEN - Agenus Inc|AGYS - Agilysys, Inc|AIFF - Firefly Neuroscience, Inc|AIOT - PowerFleet, Inc|AIRT - Air T, Inc|AKAM - Akamai Technologies, Inc|ALCO - Alico, Inc|ALGN - Align Technology, Inc|ALKS - Alkermes plc|ALNT - Allient Inc|ALNY - Alnylam Pharmaceuticals, Inc|ALOT - AstroNova, Inc|ALRS - Alerus Financial Corporation|ALTS - ALT5 Sigma Corporation|AMAT - Applied Materials, Inc|AMD - Advanced Micro Devices, Inc|AMED - Amedisys Inc|AMGN - Amgen Inc|AMKR - Amkor Technology, Inc|AMRN - Amarin Corporation plc|AMSC - American Superconductor Corpora|AMSWA - American Software, Inc|AMWD - American Woodmark Corporation|AMZN - Amazoncom, Inc|ANDE - The Andersons, Inc|ANGO - AngioDynamics, Inc|ANIK - Anika Therapeutics Inc|ANIP - ANI Pharmaceuticals, Inc|ANIX - Anixa Biosciences, Inc|ANSS - ANSYS, Inc|APA - APA Corporation|APDN - Applied DNA Sciences, Inc|APOG - Apogee Enterprises, Inc|APTO - Aptose Biosciences, Inc|APWC - Asia Pacific Wire & Cable Corpo|ARCB - ArcBest Corporation|ARCC - Ares Capital Corporation|ARKR - Ark Restaurants Corp|ARLP - Alliance Resource Partners, LP|AROW - Arrow Financial Corporation|ARQ - Arq, Inc|ARTNA - Artesian Resources Corporation|ARTW - Art'sWay Manufacturing Co, In|ARWR - Arrowhead Pharmaceuticals, Inc|ASML - ASML Holding NV  New York Re|ASRT - Assertio Holdings, Inc|ASRV - AmeriServ Financial Inc|ASTC - Astrotech Corporation|ASTE - Astec Industries, Inc|ASUR - Asure Software Inc|ASYS - Amtech Systems, Inc|ATHE - Alterity Therapeutics Limited|ATLC - Atlanticus Holdings Corporation|ATLO - Ames National Corporation|ATNI - ATN International, Inc|ATRO - Astronics Corporation|ATSG - Air Transport Services Group, I|AUBN - Auburn National Bancorporation,|AUDC - AudioCodes Ltd|AVDL - Avadel Pharmaceuticals plc|AVNW - Aviat Networks, Inc|AVT - Avnet, Inc|AWH - Aspira Women's Health Inc|AWRE - Aware, Inc|AXDX - Accelerate Diagnostics, Inc|AXGN - AxoGen, Inc|AXON - Axon Enterprise, Inc|AXTI - AXT Inc|AYRO - AYRO, Inc|AZN - Astrazeneca PLC|AZPN - Aspen Technology, Inc|AZTA - Azenta, Inc|BANF - BancFirst Corporation|BANR - Banner Corporation|BBGI - Beasley Broadcast Group, Inc|BBSI - Barrett Business Services, Inc|BCBP - BCB Bancorp, Inc (NJ)|BCDA - BioCardia, Inc|BCLI - Brainstorm Cell Therapeutics In|BCPC - Balchem Corporation|BCRX - BioCryst Pharmaceuticals, Inc|BECN - Beacon Roofing Supply, Inc|BELFA - Bel Fuse Inc|BELFB - Bel Fuse Inc|BFC - Bank First Corporation|BGC - BGC Group, Inc|BGFV - Big 5 Sporting Goods Corporatio|BHRB - Burke & Herbert Financial Servi|BIIB - Biogen Inc|BJRI - BJ's Restaurants, Inc|BKNG - Booking Holdings Inc Common St|BKR - Baker Hughes Company|BKYI - BIOkey International, Inc|BLDP - Ballard Power Systems, Inc|BLFS - BioLife Solutions, Inc|BLKB - Blackbaud, Inc|BMRA - Biomerica, Inc|BMRC - Bank of Marin Bancorp|BMRN - BioMarin Pharmaceutical Inc|BOKF - BOK Financial Corporation|BOOM - DMC Global Inc|BOSC - BOS Better Online Solutions|BOTJ - Bank of the James Financial Gro|BPOP - Popular, Inc|BRID - Bridgford Foods Corporation|BRKL - Brookline Bancorp, Inc|BRKR - Bruker Corporation|BSET - Bassett Furniture Industries, I|BSRR - Sierra Bancorp|BUSE - First Busey Corporation|BYFC - Broadway Financial Corporation|CAAS - China Automotive Systems, Inc|CAC - Camden National Corporation|CACC - Credit Acceptance Corporation|CAKE - The Cheesecake Factory Incorpor|CALM - CalMaine Foods, Inc|CAMT - Camtek Ltd|CAR - Avis Budget Group, Inc|CARV - Carver Bancorp, Inc|CASH - Pathward Financial, Inc|CASI - CASI Pharmaceuticals, Inc|CASS - Cass Information Systems, Inc|CASY - Caseys General Stores, Inc|CATY - Cathay General Bancorp|CBAN - Colony Bankcorp, Inc|CBFV - CB Financial Services, Inc|CBRL - Cracker Barrel Old Country Stor|CBSH - Commerce Bancshares, Inc|CCBG - Capital City Bank Group|CCEP - CocaCola Europacific Partners |CCNE - CNB Financial Corporation|CCOI - Cogent Communications Holdings,|CCRN - Cross Country Healthcare, Inc|CDMO - Avid Bioservices, Inc|CDNS - Cadence Design Systems, Inc|CDZI - Cadiz, Inc|CECO - CECO Environmental Corp|CENT - Central Garden & Pet Company|CENX - Century Aluminum Company|CERS - Cerus Corporation|CEVA - CEVA, Inc|CFBK - CF Bankshares Inc|CFFI - C&F Financial Corporation|CFFN - Capitol Federal Financial, Inc|CGEN - Compugen Ltd|CGNX - Cognex Corporation|CHCI - Comstock Holding Companies, Inc|CHCO - City Holding Company|CHDN - Churchill Downs, Incorporated|CHI - Calamos Convertible Opportuniti|CHKP - Check Point Software Technologi|CHMG - Chemung Financial Corp|CHNR - China Natural Resources, Inc|CHRW - CH Robinson Worldwide, Inc|CHSCP - CHS Inc  8%  Cumulative Redeem|CHY - Calamos Convertible and High In|CIGI - Colliers International Group In|CINF - Cincinnati Financial Corporatio|CIVB - Civista Bancshares, Inc|CLAR - Clarus Corporation|CLDX - Celldex Therapeutics, Inc|CLFD - Clearfield, Inc|CLMB - Climb Global Solutions, Inc|CLRO - ClearOne, Inc|CLWT - Euro Tech Holdings Company Limi|CMCO - Columbus McKinnon Corporation|CMCSA - Comcast Corporation|CMCT - Creative Media & Community Trus|CME - CME Group Inc|CMTL - Comtech Telecommunications Corp|CNOB - ConnectOne Bancorp, Inc|CNTY - Century Casinos, Inc|CNVS - Cineverse Corp|CNXN - PC Connection, Inc|CODA - Coda Octopus Group, Inc|COFS - ChoiceOne Financial Services, I|COHU - Cohu, Inc|COKE - CocaCola Consolidated, Inc|COLB - Columbia Banking System, Inc|COLM - Columbia Sportswear Company|COO - The Cooper Companies, Inc|CORT - Corcept Therapeutics Incorporat|COST - Costco Wholesale Corporation|CPB - Campbell Soup Company|CPRT - Copart, Inc|CPSH - CPS Technologies Corp|CPSS - Consumer Portfolio Services, In|CRAI - CRA International,Inc|CRDF - Cardiff Oncology, Inc|CREG - Smart Powerr Corp|CRESY - Cresud SACIF y A|CRIS - Curis, Inc|CRMT - America's CarMart, Inc|CRNT - Ceragon Networks Ltd|CRUS - Cirrus Logic, Inc|CRVL - CorVel Corp|CRWS - Crown Crafts, Inc|CSCI - COSCIENS Biopharma Inc|CSCO - Cisco Systems, Inc|CSGP - CoStar Group, Inc|CSGS - CSG Systems International, Inc|CSPI - CSP Inc|CSQ - Calamos Strategic Total Return |CSWC - Capital Southwest Corporation|CSX - CSX Corporation|CTAS - Cintas Corporation|CTBI - Community Trust Bancorp, Inc|CTHR - Charles & Colvard Ltd|CTLP - Cantaloupe, Inc|CTSH - Cognizant Technology Solutions |CUBA - The Herzfeld Caribbean Basin Fu|CUTR - Cutera, Inc|CVBF - CVB Financial Corporation|CVCO - Cavco Industries, Inc|CVGI - Commercial Vehicle Group, Inc|CVGW - Calavo Growers, Inc|CVV - CVD Equipment Corporation|CWBC - Community West Bancshares|CWCO - Consolidated Water Co Ltd|CWST - Casella Waste Systems, Inc|CYCC - Cyclacel Pharmaceuticals, Inc|CYTH - Cyclo Therapeutics, Inc|CYTK - Cytokinetics, Incorporated|CZFS - Citizens Financial Services, In|CZNC - Citizens & Northern Corp|CZWI - Citizens Community Bancorp, Inc|DAIO - Data I/O Corporation|DAKT - Daktronics, Inc|DCOM - Dime Community Bancshares, Inc|DENN - Denny's Corporation|DGICA - Donegal Group, Inc|DGICB - Donegal Group, Inc|DGII - Digi International Inc|DHC - Diversified Healthcare Trust|DHIL - Diamond Hill Investment Group, |DIOD - Diodes Incorporated|DJCO - Daily Journal Corp (SC)|DLHC - DLH Holdings Corp|DLTR - Dollar Tree, Inc|DMLP - Dorchester Minerals, LP|DMRC - Digimarc Corporation|DOMH - Dominari Holdings Inc|DORM - Dorman Products, Inc|DOX - Amdocs Limited|DRRX - DURECT Corporation|DRS - Leonardo DRS, Inc|DSGR - Distribution Solutions Group, I|DSGX - The Descartes Systems Group Inc|DSWL - Deswell Industries, Inc|DVAX - Dynavax Technologies Corporatio|DWSN - Dawson Geophysical Company|DXLG - Destination XL Group, Inc|DXPE - DXP Enterprises, Inc|DXR - Daxor Corporation|DXYN - The Dixie Group, Inc|EA - Electronic Arts Inc|EBAY - eBay Inc|EBMT - Eagle Bancorp Montana, Inc|ECPG - Encore Capital Group Inc|EDAP - EDAP TMS SA|EDUC - Educational Development Corpora|EEFT - Euronet Worldwide, Inc|EFOI - Energy Focus, Inc|EFSC - Enterprise Financial Services C|EGAN - eGain Corporation|EGBN - Eagle Bancorp, Inc|EGHT - 8x8 Inc|ELSE - ElectroSensors, Inc|ELTK - Eltek Ltd|EMKR - EMCORE Corporation|EML - Eastern Company (The)|ENG - ENGlobal Corporation|ENTG - Entegris, Inc|EQIX - Equinix, Inc|ERIC - Ericsson|ERIE - Erie Indemnity Company|ERNA - Eterna Therapeutics Inc|ESCA - Escalade, Incorporated|ESGR - Enstar Group Limited|ESLT - Elbit Systems Ltd|EVO - Evotec SE|EVRG - Evergy, Inc|EWBC - East West Bancorp, Inc|EXAS - Exact Sciences Corporation|EXC - Exelon Corporation|EXEL - Exelixis, Inc|EXPO - Exponent, Inc|EXTR - Extreme Networks, Inc|EZPW - EZCORP, Inc|FARM - Farmer Brothers Company|FARO - FARO Technologies, Inc|FAST - Fastenal Company|FBNC - First Bancorp|FCAP - First Capital, Inc|FCBC - First Community Bankshares, Inc|FCCO - First Community Corporation|FCEL - FuelCell Energy, Inc|FCFS - FirstCash Holdings, Inc|FCNCA - First Citizens BancShares, Inc|FDBC - Fidelity D & D Bancorp, Inc|FEIM - Frequency Electronics, Inc|FELE - Franklin Electric Co, Inc|FFBC - First Financial Bancorp|FFIC - Flushing Financial Corporation|FFIN - First Financial Bankshares, Inc|FFIV - F5, Inc|FISI - Financial Institutions, Inc|FITB - Fifth Third Bancorp|FIZZ - National Beverage Corp|FLEX - Flex Ltd|FLIC - The First of Long Island Corpor|FLL - Full House Resorts, Inc|FLWS - 1800FLOWERSCOM, Inc|FLXS - Flexsteel Industries, Inc|FMBH - First Mid Bancshares, Inc|FMNB - Farmers National Banc Corp|FNLC - First Bancorp, Inc (ME)|FNWD - Finward Bancorp|FONR - Fonar Corporation|FORD - Forward Industries, Inc|FORM - FormFactor, Inc|FORR - Forrester Research, Inc|FORTY - Formula Systems (1985) Ltd|FOSL - Fossil Group, Inc|FRAF - Franklin Financial Services Cor|FRME - First Merchants Corporation|FRPH - FRP Holdings, Inc|FSTR - LB Foster Company|FTEK - Fuel Tech, Inc|FULT - Fulton Financial Corporation|FUNC - First|FUND - Sprott Focus Trust, Inc  Clos|FUSB - First US Bancshares, Inc|FWRD - Forward Air Corporation|FXNC - First National Corporation|GABC - German American Bancorp, Inc|GAIA - Gaia, Inc|GALT - Galectin Therapeutics Inc|GCBC - Greene County Bancorp, Inc|GDEN - Golden Entertainment, Inc|GEG - Great Elm Group, Inc|GEN - Gen Digital Inc|GEOS - Geospace Technologies Corporati|GERN - Geron Corporation|GGAL - Grupo Financiero Galicia SA|GIFI - Gulf Island Fabrication, Inc|GIGM - GigaMedia Limited|GIII - GIII Apparel Group, LTD|GILD - Gilead Sciences, Inc|GILT - Gilat Satellite Networks Ltd|GLAD - Gladstone Capital Corporation|GLBZ - Glen Burnie Bancorp|GLNG - Golar LNG Limited|GNSS - Genasys Inc|GNTX - Gentex Corporation|GOGL - Golden Ocean Group Limited|GOOD - Gladstone Commercial Corporatio|GOOG - Alphabet Inc|GOOGL - Alphabet Inc|GREE - Greenidge Generation Holdings I|GSBC - Great Southern Bancorp, Inc|GT - The Goodyear Tire & Rubber Comp|GTIM - Good Times Restaurants Inc|GVP - GSE Systems, Inc|GYRO - Gyrodyne , LLC|HA - Hawaiian Holdings, Inc|HAFC - Hanmi Financial Corporation|HAIN - The Hain Celestial Group, Inc|HALO - Halozyme Therapeutics, Inc|HAS - Hasbro, Inc|HBAN - Huntington Bancshares Incorpora|HBIO - Harvard Bioscience, Inc|HBNC - Horizon Bancorp, Inc|HCKT - The Hackett Group, Inc|HCSG - Healthcare Services Group, Inc|HDSN - Hudson Technologies, Inc|HELE - Helen of Troy Limited|HFWA - Heritage Financial Corporation|HGBL - Heritage Global Inc|HHS - Harte Hanks, Inc|HIFS - Hingham Institution for Savings|HIHO - Highway Holdings Limited|HLIT - Harmonic Inc|HMNF - HMN Financial, Inc|HNRG - Hallador Energy Company|HOFT - Hooker Furnishings Corporation|HOLX - Hologic, Inc|HON - Honeywell International Inc|HOPE - Hope Bancorp, Inc|HQI - HireQuest, Inc|HRTX - Heron Therapeutics, Inc|HSIC - Henry Schein, Inc|HSII - Heidrick & Struggles Internatio|HSON - Hudson Global, Inc|HST - Host Hotels & Resorts, Inc|HSTM - HealthStream, Inc|HTBK - Heritage Commerce Corp|HTLD - Heartland Express, Inc|HTLF - Heartland Financial USA, Inc|HUBG - Hub Group, Inc|HURC - Hurco Companies, Inc|HURN - Huron Consulting Group Inc|HWBK - Hawthorn Bancshares, Inc|HWC - Hancock Whitney Corporation|HWKN - Hawkins, Inc|IAC - IAC Inc|IART - Integra LifeSciences Holdings C|IBCP - Independent Bank Corporation|IBOC - International Bancshares Corpor|ICAD - icad inc|ICCC - ImmuCell Corporation|ICLR - ICON plc|ICUI - ICU Medical, Inc|IDCC - InterDigital, Inc|IDN - Intellicheck, Inc|IDXX - IDEXX Laboratories, Inc|IEP - Icahn Enterprises LP  Deposi|IESC - IES Holdings, Inc|ILMN - Illumina, Inc|IMKTA - Ingles Markets, Incorporated|IMMR - Immersion Corporation|IMNN - Imunon, Inc|IMOS - ChipMOS TECHNOLOGIES INC|INCY - Incyte Corporation|INDB - Independent Bank Corp|INO - Inovio Pharmaceuticals, Inc|INOD - Innodata Inc|INSG - Inseego Corp|INSM - Insmed Incorporated|INTC - Intel Corporation|INTG - The Intergroup Corporation|INTU - Intuit Inc|INTZ - Intrusion Inc|INVA - Innoviva, Inc|INVE - Identiv, Inc|IONS - Ionis Pharmaceuticals, Inc|IOSP - Innospec Inc|IPA - ImmunoPrecise Antibodies Ltd|IPAR - Inter Parfums, Inc|IRIX - IRIDEX Corporation|ISRG - Intuitive Surgical, Inc|ISSC - Innovative Solutions and Suppor|ITI - Iteris, Inc|ITIC - Investors Title Company|ITRI - Itron, Inc|IVAC - Intevac, Inc|JACK - Jack In The Box Inc|JAKK - JAKKS Pacific, Inc|JBHT - JB Hunt Transport Services, I|JBLU - JetBlue Airways Corporation|JBSS - John B Sanfilippo & Son, Inc|JCTCF - JewettCameron Trading Company|JJSF - J & J Snack Foods Corp|JKHY - Jack Henry & Associates, Inc|JOUT - Johnson Outdoors Inc|KELYA - Kelly Services, Inc|KELYB - Kelly Services, Inc|KEQU - Kewaunee Scientific Corporation|KINS - Kingstone Companies, Inc|KIRK - Kirkland's, Inc|KLAC - KLA Corporation|KLIC - Kulicke and Soffa Industries, I|KOPN - Kopin Corporation|KOSS - Koss Corporation|KRMD - KORU Medical Systems, Inc|KTCC - Key Tronic Corporation|KTOS - Kratos Defense & Security Solut|KVHI - KVH Industries, Inc|KZIA - Kazia Therapeutics Limited|LAKE - Lakeland Industries, Inc|LAMR - Lamar Advertising Company|LANC - Lancaster Colony Corporation|LARK - Landmark Bancorp Inc|LBTYA - Liberty Global Ltd|LBTYB - Liberty Global Ltd|LCNB - LCNB Corporation|LCUT - Lifetime Brands, Inc|LDWY - Lendway, Inc|LECO - Lincoln Electric Holdings, Inc|LEE - Lee Enterprises, Incorporated|LFCR - Lifecore Biomedical, Inc|LFUS - Littelfuse, Inc|LGND - Ligand Pharmaceuticals Incorpor|LIN - Linde plc|LINK - Interlink Electronics, Inc|LIVE - Live Ventures Incorporated|LKFN - Lakeland Financial Corporation|LKQ - LKQ Corporation|LMNR - Limoneira Co|LNT - Alliant Energy Corporation|LNW - Light & Wonder, Inc|LOAN - Manhattan Bridge Capital, Inc|LOGI - Logitech International SA  R|LPSN - LivePerson, Inc|LPTH - LightPath Technologies, Inc|LRCX - Lam Research Corporation|LSAK - Lesaka Technologies, Inc|LSCC - Lattice Semiconductor Corporati|LSTA - Lisata Therapeutics, Inc|LSTR - Landstar System, Inc|LTBR - Lightbridge Corporation|LTRX - Lantronix, Inc|LWAY - Lifeway Foods, Inc|LXRX - Lexicon Pharmaceuticals, Inc|LYTS - LSI Industries Inc|MANH - Manhattan Associates, Inc|MAR - Marriott International|MARPS - 3273|MAT - Mattel, Inc|MATW - Matthews International Corporat|MAYS - J W Mays, Inc|MBCN - Middlefield Banc Corp|MBOT - Microbot Medical Inc|MBWM - Mercantile Bank Corporation|MCHP - Microchip Technology Incorporat|MCHX - Marchex, Inc|MCRI - Monarch Casino & Resort, Inc|MDLZ - Mondelez International, Inc|MEIP - MEI Pharma, Inc|MEOH - Methanex Corporation|MERC - Mercer International Inc|MFIC - MidCap Financial Investment Cor|MFIN - Medallion Financial Corp|MGEE - MGE Energy Inc|MGIC - Magic Software Enterprises Ltd|MGPI - MGP Ingredients, Inc|MGRC - McGrath RentCorp|MICS - The Singing Machine Company, In|MIDD - The Middleby Corporation|MIND - MIND Technology, Inc|MITK - Mitek Systems, Inc|MKSI - MKS Instruments, Inc|MKTX - MarketAxess Holdings, Inc|MLAB - Mesa Laboratories, Inc|MLKN - MillerKnoll, Inc|MMLP - Martin Midstream Partners LP|MMSI - Merit Medical Systems, Inc|MNDO - MIND CTI Ltd|MNKD - MannKind Corporation|MNRO - Monro, Inc|MNST - Monster Beverage Corporation|MODV - ModivCare Inc|MPAA - Motorcar Parts of America, Inc|MPB - Mid Penn Bancorp|MPWR - Monolithic Power Systems, Inc|MRCY - Mercury Systems Inc|MRKR - Marker Therapeutics, Inc|MRTN - Marten Transport, Ltd|MRVL - Marvell Technology, Inc|MSEX - Middlesex Water Company|MSFT - Microsoft Corporation|MSTR - MicroStrategy Incorporated|MTCH - Match Group, Inc|MTEX - Mannatech, Incorporated|MTRX - Matrix Service Company|MU - Micron Technology, Inc|MVIS - Microvision, Inc|MYGN - Myriad Genetics, Inc|NAII - Natural Alternatives Internatio|NATH - Nathan's Famous, Inc|NBIX - Neurocrine Biosciences, Inc|NBN - Northeast Bank|NBTB - NBT Bancorp Inc|NCTY - The9 Limited  American Deposit|NDAQ - Nasdaq, Inc|NDSN - Nordson Corporation|NEO - NeoGenomics, Inc|NEOG - Neogen Corporation|NEON - Neonode Inc|NEPH - Nephros, Inc|NEWT - NewtekOne, Inc|NFLX - Netflix, Inc|NHTC - Natural Health Trends Corp  C|NICE - NICE Ltd|NICK - Nicholas Financial, Inc|NKSH - National Bankshares, Inc|NKTR - Nektar Therapeutics|NNBR - NN, Inc|NOTV - Inotiv, Inc|NOVT - Novanta Inc|NRIM - Northrim BanCorp Inc|NSIT - Insight Enterprises, Inc|NSSC - NAPCO Security Technologies, In|NSYS - Nortech Systems Incorporated|NTAP - NetApp, Inc|NTCT - NetScout Systems, Inc|NTES - NetEase, Inc|NTGR - NETGEAR, Inc|NTIC - Northern Technologies Internati|NTRS - Northern Trust Corporation|NTWK - NETSOL Technologies Inc|NURO - NeuroMetrix, Inc|NVAX - Novavax, Inc|NVDA - NVIDIA Corporation|NVEC - NVE Corporation|NVMI - Nova Ltd|NWBI - Northwest Bancshares, Inc|NWFL - Norwood Financial Corp|NWL - Newell Brands Inc|NWPX - Northwest Pipe Company|NXPL - NextPlat Corp|NXST - Nexstar Media Group, Inc|NYMT - New York Mortgage Trust, Inc|OBLG - Oblong Inc|OBT - Orange County Bancorp, Inc|OCC - Optical Cable Corporation|OCFC - OceanFirst Financial Corp|ODFL - Old Dominion Freight Line, Inc|ODP - The ODP Corporation|OFIX - Orthofix Medical Inc|OLED - Universal Display Corporation|OMCL - Omnicell, Inc|OMEX - Odyssey Marine Exploration, Inc|ON - ON Semiconductor Corporation|ONB - Old National Bancorp|ONCT - Oncternal Therapeutics, Inc|ONCY - Oncolytics Biotech Inc|OPCH - Option Care Health, Inc|OPHC - OptimumBank Holdings, Inc|OPK - Opko Health, Inc|OPOF - Old Point Financial Corporation|ORLY - O'Reilly Automotive, Inc|ORRF - Orrstown Financial Services Inc|OSBC - Old Second Bancorp, Inc|OSIS - OSI Systems, Inc|OSPN - OneSpan Inc|OSUR - OraSure Technologies, Inc|OTEX - Open Text Corporation|OTRK - Ontrak, Inc|OTTR - Otter Tail Corporation|OVBC - Ohio Valley Banc Corp|OVLY - Oak Valley Bancorp (CA)|OXSQ - Oxford Square Capital Corp|OZK - Bank OZK|PAA - Plains All American Pipeline, L|PATK - Patrick Industries, Inc|PAYX - Paychex, Inc|PBHC - Pathfinder Bancorp, Inc|PCAR - PACCAR Inc|PCH - PotlatchDeltic Corporation  Co|PCYO - Pure Cycle Corporation|PDCO - Patterson Companies, Inc|PDEX - ProDex, Inc|PDFS - PDF Solutions, Inc|PEBK - Peoples Bancorp of North Caroli|PEBO - Peoples Bancorp Inc|PEGA - Pegasystems Inc|PEGY - Pineapple Energy Inc|PENN - PENN Entertainment, Inc|PEP - Pepsico, Inc|PESI - PermaFix Environmental Service|PETS - PetMed Express, Inc|PFBC - Preferred Bank|PFC - Premier Financial Corp|PFG - Principal Financial Group Inc|PFIS - Peoples Financial Services Corp|PGC - PeapackGladstone Financial Cor|PKBK - Parke Bancorp, Inc|PKOH - ParkOhio Holdings Corp|PLAB - Photronics, Inc|PLBC - Plumas Bancorp|PLCE - Children's Place, Inc (The)|PLPC - Preformed Line Products Company|PLUG - Plug Power, Inc|PLUR - Pluri Inc|PLUS - ePlus inc|PLXS - Plexus Corp|PMD - Psychemedics Corporation|PNBK - Patriot National Bancorp Inc|PNFP - Pinnacle Financial Partners, In|PNRG - PrimeEnergy Resources Corporati|POCI - Precision Optics Corporation, I|POOL - Pool Corporation|POWI - Power Integrations, Inc|POWL - Powell Industries, Inc|PPBI - Pacific Premier Bancorp Inc|PPC - Pilgrim's Pride Corporation|PPIH - PermaPipe International Holdin|PRAA - PRA Group, Inc|PRDO - Perdoceo Education Corporation|PRFT - Perficient, Inc|PRGS - Progress Software Corporation|PROV - Provident Financial Holdings, I|PRPH - ProPhase Labs, Inc|PRSO - Peraso Inc|PRTG - Portage Biotech Inc|PSEC - Prospect Capital Corporation|PSMT - PriceSmart, Inc|PSTV - PLUS THERAPEUTICS, Inc|PTC - PTC Inc|PTEN - PattersonUTI Energy, Inc|PTSI - PAM Transportation Services,|PWOD - Penns Woods Bancorp, Inc|PXLW - Pixelworks, Inc|PZZA - Papa John's International, Inc|QCOM - QUALCOMM Incorporated|QCRH - QCR Holdings, Inc|QDEL - QuidelOrtho Corporation|QMCO - Quantum Corporation|QUIK - QuickLogic Corporation|RAND - Rand Capital Corporation|RAVE - Rave Restaurant Group, Inc|RBBN - Ribbon Communications Inc|RBCAA - Republic Bancorp, Inc|RCAT - Red Cat Holdings, Inc|RCKY - Rocky Brands, Inc|RCMT - RCM Technologies, Inc|RDCM - Radcom Ltd|RDI - Reading International Inc|RDIB - Reading International Inc|RDNT - RadNet, Inc|RDUS - Radius Recycling, Inc|RDWR - Radware Ltd|REFR - Research Frontiers Incorporated|REG - Regency Centers Corporation|REGN - Regeneron Pharmaceuticals, Inc|RELL - Richardson Electronics, Ltd|RFIL - RF Industries, Ltd|RGCO - RGC Resources Inc|RGEN - Repligen Corporation|RGLD - Royal Gold, Inc|RGP - Resources Connection, Inc|RGS - Regis Corporation|RICK - RCI Hospitality Holdings, Inc|RIGL - Rigel Pharmaceuticals, Inc|RMBS - Rambus, Inc|RMCF - Rocky Mountain Chocolate Factor|RMTI - Rockwell Medical, Inc|ROCK - Gibraltar Industries, Inc|ROP - Roper Technologies, Inc|ROST - Ross Stores, Inc|RRGB - Red Robin Gourmet Burgers, Inc|RUSHA - Rush Enterprises, Inc|RUSHB - Rush Enterprises, Inc|RVSB - Riverview Bancorp Inc|RYAAY - Ryanair Holdings plc|SAFT - Safety Insurance Group, Inc|SAIA - Saia, Inc|SANM - Sanmina Corporation|SASR - Sandy Spring Bancorp, Inc|SAVA - Cassava Sciences, Inc|SBAC - SBA Communications Corporation|SBCF - Seacoast Banking Corporation of|SBET - SharpLink Gaming, Inc|SBFG - SB Financial Group, Inc|SBGI - Sinclair, Inc|SBRA - Sabra Health Care REIT, Inc|SBSI - Southside Bancshares, Inc|SBUX - Starbucks Corporation|SCHL - Scholastic Corporation|SCKT - Socket Mobile, Inc|SCSC - ScanSource, Inc|SCVL - Shoe Carnival, Inc|SCWO - 374Water Inc|SEED - Origin Agritech Limited|SEEL - Seelos Therapeutics, Inc|SEIC - SEI Investments Company|SELF - Global Self Storage, Inc|SENEA - Seneca Foods Corp|SENEB - Seneca Foods Corp|SFNC - Simmons First National Corporat|SFST - Southern First Bancshares, Inc|SGA - Saga Communications, Inc|SGC - Superior Group of Companies, In|SGMA - SigmaTron International, Inc|SGMO - Sangamo Therapeutics, Inc|SGRP - SPAR Group, Inc|SHBI - Shore Bancshares, Inc|SHEN - Shenandoah Telecommunications C|SHOO - Steven Madden, Ltd|SHYF - The Shyft Group, Inc|SIEB - Siebert Financial Corp|SIFY - Sify Technologies Limited  Ame|SIGA - SIGA Technologies Inc|SIGI - Selective Insurance Group, Inc|SILC - Silicom Ltd|SIRI - Sirius XM Holdings Inc|SKYW - SkyWest, Inc|SLAB - Silicon Laboratories, Inc|SLM - SLM Corporation|SLNH - Soluna Holdings, Inc|SLP - Simulations Plus, Inc|SMBC - Southern Missouri Bancorp, Inc|SMID - SmithMidland Corporation|SMSI - Smith Micro Software, Inc|SMTC - Semtech Corporation|SMTI - Sanara MedTech Inc|SNBR - Sleep Number Corporation|SNEX - StoneX Group Inc|SNFCA - Security National Financial Cor|SNGX - Soligenix, Inc|SNPS - Synopsys, Inc|SNT - Senstar Technologies Corporatio|SNY - Sanofi|SOHO - Sotherly Hotels Inc|SOHU - Sohucom Limited|SOTK - SonoTek Corporation|SPNS - Sapiens International Corporati|SPOK - Spok Holdings, Inc|SPTN - SpartanNash Company|SRCE - 1st Source Corporation|SRCL - Stericycle, Inc|SRDX - Surmodics, Inc|SRPT - Sarepta Therapeutics, Inc|SSP - EW Scripps Company (The)|SSRM - SSR Mining Inc|SSYS - Stratasys, Ltd|STAA - STAAR Surgical Company|STBA - S&T Bancorp, Inc|STCN - Steel Connect, Inc Common Stoc|STGW - Stagwell Inc|STKL - SunOpta, Inc|STLD - Steel Dynamics, Inc|STRA - Strategic Education, Inc|STRL - Sterling Infrastructure, Inc|STRM - Streamline Health Solutions, In|STRR - Star Equity Holdings, Inc|STRS - Stratus Properties Inc|STRT - STRATTEC SECURITY CORPORATION|STX - Seagate Technology Holdings PLC|SVC - Service Properties Trust  Shar|SWBI - Smith & Wesson Brands, Inc|SWKH - SWK Holdings Corporation|SWKS - Skyworks Solutions, Inc|SYBT - Stock Yards Bancorp, Inc|SYNA - Synaptics Incorporated|SYPR - Sypris Solutions, Inc|TACT - TransAct Technologies Incorpora|TAIT - Taitron Components Incorporated|TATT - TAT Technologies Ltd|TAYD - Taylor Devices, Inc|TBBK - The Bancorp, Inc|TBRG - TruBridge, Inc|TCBI - Texas Capital Bancshares, Inc|TCBK - TriCo Bancshares|TCOM - Tripcom Group Limited|TCX - Tucows Inc|TECH - BioTechne Corp|TENX - Tenax Therapeutics, Inc|TER - Teradyne, Inc|THFF - First Financial Corporation Ind|THRM - Gentherm Inc|TILE - Interface, Inc|TLF - Tandy Leather Factory, Inc|TOWN - Towne Bank|TRIB - Trinity Biotech plc|TRMB - Trimble Inc|TRMK - Trustmark Corporation|TRNS - Transcat, Inc|TROW - T Rowe Price Group, Inc|TRST - TrustCo Bank Corp NY|TSBK - Timberland Bancorp, Inc|TSCO - Tractor Supply Company|TSEM - Tower Semiconductor Ltd|TTEC - TTEC Holdings, Inc|TTEK - Tetra Tech, Inc|TTMI - TTM Technologies, Inc|TTNP - Titan Pharmaceuticals, Inc|TTWO - TakeTwo Interactive Software, |TURN - 180 Degree Capital Corp|TWIN - Twin Disc, Incorporated|TXN - Texas Instruments Incorporated|TXRH - Texas Roadhouse, Inc|TZOO - Travelzoo|UBCP - United Bancorp, Inc|UBFO - United Security Bancshares|UBSI - United Bankshares, Inc|UCTT - Ultra Clean Holdings, Inc|UEIC - Universal Electronics Inc|UFCS - United Fire Group, Inc|UFPI - UFP Industries, Inc|UFPT - UFP Technologies, Inc|UG - UnitedGuardian, Inc|ULBI - Ultralife Corporation|UMBF - UMB Financial Corporation|UNB - Union Bankshares, Inc|UNTY - Unity Bancorp, Inc|UONE - Urban One, Inc|UONEK - Urban One, Inc|UPBD - Upbound Group, Inc|URBN - Urban Outfitters, Inc|USAP - Universal Stainless & Alloy Pro|USAU - US Gold Corp|USEG - US Energy Corp|USIO - Usio, Inc|USLM - United States Lime & Minerals, |UTHR - United Therapeutics Corporation|UTMD - Utah Medical Products, Inc|UTSI - UTStarcom Holdings Corp|UVSP - Univest Financial Corporation|VABK - Virginia National Bankshares Co|VALU - Value Line, Inc|VBFC - Village Bank and Trust Financia|VCEL - Vericel Corporation|VECO - Veeco Instruments Inc|VEON - VEON Ltd|VERU - Veru Inc|VIAV - Viavi Solutions Inc|VICR - Vicor Corporation|VIRC - Virco Manufacturing Corporation|VLGEA - Village Super Market, Inc|VLY - Valley National Bancorp|VOD - Vodafone Group Plc|VOXX - VOXX International Corporation|VRME - VerifyMe, Inc|VRNT - Verint Systems Inc|VRSN - VeriSign, Inc|VRTX - Vertex Pharmaceuticals Incorpor|VSAT - ViaSat, Inc|VSEC - VSE Corporation|VTNR - Vertex Energy, Inc|VTRS - Viatris Inc|VXRT - Vaxart, Inc  Common Stock|WABC - Westamerica Bancorporation|WAFD - WaFd, Inc|WASH - Washington Trust Bancorp, Inc|WBA - Walgreens Boots Alliance, Inc|WDC - Western Digital Corporation|WDFC - WD40 Company|WEN - Wendy's Company (The)|WERN - Werner Enterprises, Inc|WEYS - Weyco Group, Inc|WHLM - Wilhelmina International, Inc|WILC - G WilliFood International,  L|WINA - Winmark Corporation|WINT - Windtree Therapeutics, Inc|WKSP - Worksport, Ltd|WLFC - Willis Lease Finance Corporatio|WNEB - Western New England Bancorp, In|WRLD - World Acceptance Corporation|WSBC - WesBanco, Inc|WSFS - WSFS Financial Corporation|WTBA - West Bancorporation|WTFC - Wintrust Financial Corporation|WTW - Willis Towers Watson Public Lim|WULF - TeraWulf Inc|WVVI - Willamette Valley Vineyards, In|WW - WW International, Inc|WWD - Woodward, Inc|WYNN - Wynn Resorts, Limited|XEL - Xcel Energy Inc|XOMA - XOMA Royalty Corporation|XRAY - DENTSPLY SIRONA Inc|XRX - Xerox Holdings Corporation|YHGJ - Yunhong Green CTI Ltd|YORW - The York Water Company|ZBRA - Zebra Technologies Corporation|ZD - Ziff Davis, Inc|ZEUS - Olympic Steel, Inc|ZION - Zions Bancorporation NA|ZYXI - Zynex, Inc